,City,Lat,Lng,Max Temp,Humidity,Cloudiness,Wind Speed,Country,Date
0,Saskylakh,71.92,114.08,1.17,92,90,6.31,RU,1603730732
1,Kismayo,-0.36,42.55,80.29,80,55,13.47,SO,1603730683
2,Bluff,-46.6,168.33,44.19,85,20,2.98,NZ,1603730734
3,Mataura,-46.19,168.86,36.21,94,28,1.9,NZ,1603730735
4,East London,-33.02,27.91,62.6,93,90,16.11,ZA,1603730737
5,Kavieng,-2.57,150.8,82.96,68,86,5.93,PG,1603730738
6,Rikitea,-23.12,-134.97,75.31,84,83,17.29,PF,1603730739
7,Albany,42.6,-73.97,46.0,87,100,1.99,US,1603730740
8,Jamestown,42.1,-79.24,48.0,100,90,5.82,US,1603730528
9,Yārāda,17.65,83.27,82.4,83,40,5.82,IN,1603730742
10,Yeppoon,-23.13,150.73,69.8,94,100,4.85,AU,1603730744
11,Coahuayana Viejo,18.73,-103.68,78.8,74,40,1.54,MX,1603730745
12,Atuona,-9.8,-139.03,78.98,74,13,23.82,PF,1603730747
13,Laguna,38.42,-121.42,57.0,16,1,19.46,US,1603730748
14,Saint-Nazaire,47.28,-2.2,55.4,71,20,13.87,FR,1603730749
15,Lata,40.16,-8.33,62.01,62,68,5.99,PT,1603730750
16,Kulhudhuffushi,6.62,73.07,82.67,76,20,7.38,MV,1603730751
17,Tautira,-17.73,-149.15,78.01,83,75,3.36,PF,1603730752
18,Punta Arenas,-53.15,-70.92,55.4,43,40,40.26,CL,1603730753
19,Ribeira Grande,38.52,-28.7,71.6,78,20,16.11,PT,1603730754
20,Ushuaia,-54.8,-68.3,59.0,33,40,19.46,AR,1603730755
21,Nhulunbuy,-12.23,136.77,78.8,83,89,4.7,AU,1603730757
22,Batticaloa,7.71,81.69,81.61,76,66,3.44,LK,1603730758
23,Sørkjosen,69.8,20.93,35.6,74,0,12.75,NO,1603730759
24,Cidreira,-30.18,-50.21,74.32,75,100,16.26,BR,1603730760
25,Laplace,30.07,-90.48,75.99,73,75,8.05,US,1603730761
26,Mossamedes,-15.2,12.15,70.12,79,85,9.22,AO,1603730762
27,Vestmannaeyjar,63.44,-20.27,42.8,87,75,17.22,IS,1603730765
28,Östersund,63.18,14.64,42.8,87,0,8.05,SE,1603730474
29,Amahai,-3.33,128.92,82.99,88,87,3.44,ID,1603730768
30,Port Alfred,-33.59,26.89,65.35,83,100,28.61,ZA,1603730769
31,Qaanaaq,77.48,-69.36,7.29,71,73,8.93,GL,1603730770
32,Mitsamiouli,-11.38,43.28,78.96,74,15,11.03,KM,1603730771
33,Yellowknife,62.46,-114.35,24.8,68,75,11.41,CA,1603730772
34,San Policarpo,12.18,125.51,79.72,82,100,7.78,PH,1603730774
35,Quatre Cocos,-20.21,57.76,75.2,73,40,11.41,MU,1603730775
36,Dolinsk,47.35,142.8,30.2,100,56,5.64,RU,1603730776
37,Kapaa,22.08,-159.32,78.22,74,33,3.18,US,1603730777
38,Malartic,48.13,-78.13,32.0,93,90,6.93,CA,1603730779
39,Koumac,-20.57,164.28,72.81,77,3,3.02,NC,1603730780
40,Cape Town,-33.93,18.42,75.0,64,0,10.29,ZA,1603730485
41,Domoni,-12.26,44.53,77.0,78,41,4.56,KM,1603730782
42,Necochea,-38.55,-58.74,62.98,49,0,11.3,AR,1603730784
43,Moussoro,13.64,16.49,89.53,12,26,9.48,TD,1603730785
44,Apache Junction,33.42,-111.55,64.4,20,75,14.99,US,1603730521
45,Kahului,20.89,-156.47,75.2,69,20,6.76,US,1603730787
46,Tahoua,14.89,5.27,95.0,9,0,4.7,NE,1603730789
47,Naliya,23.27,68.83,82.54,36,0,6.22,IN,1603730790
48,Vao,-22.67,167.48,72.72,81,42,13.94,NC,1603730791
49,Castro,-24.79,-50.01,77.49,54,93,5.01,BR,1603730793
50,Port Elizabeth,-33.92,25.57,62.6,93,90,19.46,ZA,1603730794
51,Busselton,-33.65,115.33,57.0,70,7,3.58,AU,1603730796
52,Durazno,-33.41,-56.5,68.0,64,75,17.22,UY,1603730797
53,Owensboro,37.77,-87.11,51.8,87,90,9.17,US,1603730798
54,Severo-Kuril'sk,50.68,156.12,42.71,84,99,5.97,RU,1603730799
55,Grand Gaube,-20.01,57.66,73.99,74,19,5.99,MU,1603730800
56,Grindavik,63.84,-22.43,41.0,86,75,10.29,IS,1603730802
57,Eufaula,31.89,-85.15,80.01,82,70,4.45,US,1603730508
58,Saint George,37.1,-113.58,41.0,27,1,26.4,US,1603730804
59,Bredasdorp,-34.53,20.04,66.2,77,100,18.34,ZA,1603730805
60,Butaritari,3.07,172.79,81.27,67,100,7.78,KI,1603730806
61,Bonnyville,54.27,-110.73,24.8,62,75,3.36,CA,1603730701
62,Santa Cruz de la Sierra,-17.8,-63.17,77.0,69,75,14.99,BO,1603730808
63,Mar del Plata,-38.0,-57.56,66.2,34,0,13.87,AR,1603730809
64,Gordeyevka,52.96,31.97,47.08,88,99,9.75,RU,1603730810
65,Vila Velha,-20.33,-40.29,82.4,65,40,19.46,BR,1603730691
66,Bagdarin,54.43,113.6,17.56,85,0,7.16,RU,1603730814
67,Garoowe,8.41,48.48,79.83,48,89,17.65,SO,1603730815
68,Dalbandin,28.89,64.41,57.69,28,0,1.23,PK,1603730651
69,Ulaanbaatar,47.91,106.88,15.8,56,0,2.24,MN,1603730564
70,Fuerte Olimpo,-21.04,-57.87,79.95,85,99,5.55,PY,1603730818
71,Nísia Floresta,-6.09,-35.21,86.0,62,75,16.11,BR,1603730819
72,Faya,18.39,42.45,71.6,9,0,5.82,SA,1603730820
73,Pevek,69.7,170.31,23.99,95,92,10.96,RU,1603730822
74,Erdenet,49.03,104.08,25.36,74,0,4.03,MN,1603730823
75,Provideniya,64.38,-173.3,28.9,92,32,2.71,RU,1603730824
76,Nabire,-3.37,135.48,75.27,88,92,3.91,ID,1603730825
77,Hermanus,-34.42,19.23,66.99,78,100,10.0,ZA,1603730826
78,São João de Pirabas,-0.77,-47.18,87.48,58,5,10.18,BR,1603730827
79,Port Macquarie,-31.43,152.92,57.99,86,62,14.43,AU,1603730828
80,Rio Grande City,26.38,-98.82,88.0,63,0,8.01,US,1603730830
81,Aswān,24.09,32.91,84.78,26,0,11.63,EG,1603730831
82,Balabac,7.99,117.06,80.8,82,100,23.17,PH,1603730832
83,Coquimbo,-29.95,-71.34,59.0,77,40,19.46,CL,1603730796
84,Águas Belas,-9.11,-37.12,103.8,15,1,0.83,BR,1603730705
85,Dikson,73.51,80.55,13.93,96,100,13.82,RU,1603730835
86,Rawson,-43.3,-65.1,71.29,24,44,14.72,AR,1603730836
87,Kuah,6.33,99.84,77.0,100,20,5.41,MY,1603730837
88,Taksimo,56.34,114.88,17.73,89,96,5.06,RU,1603730616
89,Vera Cruz,-12.63,-41.03,89.64,42,64,1.95,BR,1603730840
90,Klaksvík,62.23,-6.59,42.8,75,21,6.93,FO,1603730841
91,Osoyoos,49.03,-119.45,30.99,82,69,1.45,CA,1603730842
92,Saurimo,-9.66,20.39,68.16,91,79,6.35,AO,1603730843
93,Upernavik,72.79,-56.15,16.54,80,84,5.39,GL,1603730844
94,Saint-Philippe,-21.36,55.77,71.6,88,53,3.36,RE,1603730846
95,Vila Franca do Campo,37.72,-25.43,69.8,83,40,14.99,PT,1603730848
96,Joshīmath,30.57,79.57,48.04,47,9,4.72,IN,1603730849
97,Dingle,11.0,122.67,76.01,91,100,7.2,PH,1603730851
98,Waipawa,-41.41,175.52,55.99,100,100,12.75,NZ,1603730852
99,Torbay,47.67,-52.73,43.0,48,75,19.46,CA,1603730853
100,Hilo,19.73,-155.09,75.2,64,75,8.05,US,1603730664
101,Salisbury,51.07,-1.8,53.6,71,20,13.87,GB,1603730856
102,Trebinje,42.71,18.34,59.0,93,40,9.17,BA,1603730761
103,Karlskrona,56.16,15.59,51.8,100,75,4.7,SE,1603730562
104,At-Bashi,41.17,75.81,37.99,66,100,5.86,KG,1603730859
105,Gayéri,12.65,0.49,92.55,15,6,4.34,BF,1603730861
106,Hobart,-42.88,147.33,50.0,57,90,3.36,AU,1603730723
107,San Cristobal,7.77,-72.22,89.6,52,40,9.17,VE,1603730866
108,Pangnirtung,66.15,-65.71,23.0,62,75,9.17,CA,1603730868
109,Sitka,57.05,-135.33,51.8,100,90,12.75,US,1603730869
110,Mehamn,71.04,27.85,33.8,80,0,21.92,NO,1603730870
111,Norwich,52.63,1.3,51.8,87,20,9.17,GB,1603730857
112,Hasaki,35.73,140.83,55.4,87,20,10.29,JP,1603730872
113,Harper,4.38,-7.72,80.1,84,67,8.57,LR,1603730873
114,Hofn,64.25,-15.21,39.2,93,20,16.11,IS,1603730874
115,Khatanga,71.97,102.5,3.11,94,81,9.46,RU,1603730875
116,Abu Dhabi,24.47,54.37,84.2,51,0,5.82,AE,1603730682
117,Cayenne,4.93,-52.33,89.6,59,14,13.87,GF,1603730878
118,College,64.86,-147.8,30.2,92,90,9.17,US,1603730780
119,Husavik,66.04,-17.34,39.2,69,75,4.7,IS,1603730880
120,Longyearbyen,78.22,15.64,21.2,79,40,8.05,SJ,1603730881
121,Port Lincoln,-34.73,135.87,54.0,86,0,6.67,AU,1603730882
122,San Antonio del Norte,13.88,-87.7,77.0,65,75,1.9,HN,1603730883
123,Touros,-5.2,-35.46,86.0,62,75,16.11,BR,1603730884
124,Ilulissat,69.22,-51.1,19.4,62,75,4.7,GL,1603730885
125,Kalmar,56.66,16.36,52.0,100,90,6.93,SE,1603730887
126,Kaeo,-35.1,173.78,57.99,96,34,1.99,NZ,1603730888
127,São Filipe,14.9,-24.5,82.78,68,100,12.17,CV,1603730889
128,Holbeach,52.8,0.01,51.8,81,40,13.87,GB,1603730890
129,Tasiilaq,65.61,-37.64,33.8,50,100,20.8,GL,1603730891
130,Hithadhoo,-0.6,73.08,83.55,65,0,5.82,MV,1603730893
131,Nagorsk,59.32,50.81,29.05,94,100,6.26,RU,1603730894
132,Lüshunkou,38.8,121.27,53.6,93,18,2.24,CN,1603730895
133,Yichun,47.7,128.9,37.0,81,100,1.83,CN,1603730896
134,Belmonte,-15.86,-38.88,86.0,62,40,9.17,BR,1603730897
135,Nouadhibou,20.93,-17.03,77.0,57,68,12.75,MR,1603730898
136,Clyde River,70.47,-68.59,14.0,72,90,8.05,CA,1603730899
137,Petropavlovsk-Kamchatskiy,53.05,158.65,39.2,100,75,6.71,RU,1603730900
138,Varkaus,62.32,27.87,48.2,87,90,11.41,FI,1603730901
139,Mumford,5.26,-0.76,79.66,85,83,11.14,GH,1603730903
140,Bedelē,8.46,36.35,55.8,74,13,1.92,ET,1603730904
141,Verāval,20.9,70.37,83.14,65,0,1.3,IN,1603730905
142,Kirakira,-10.45,161.92,78.39,82,96,5.5,SB,1603730906
143,Puerto Ayora,-0.74,-90.35,73.4,78,75,14.99,EC,1603730907
144,Porto-Novo,6.5,2.6,84.2,79,40,9.17,BJ,1603730818
145,Hong Kong,22.29,114.16,75.0,82,82,4.0,HK,1603730910
146,Melilla,35.29,-2.94,66.2,52,20,18.34,ES,1603730911
147,Egvekinot,66.32,-179.17,19.31,95,31,2.04,RU,1603730913
148,Dolores,-36.31,-57.68,67.21,47,0,11.83,AR,1603730915
149,Tuktoyaktuk,69.45,-133.04,8.6,84,90,13.87,CA,1603730916
150,Kargasok,59.06,80.86,31.12,98,100,12.5,RU,1603730917
151,Biswān,27.5,81.0,72.73,25,0,6.08,IN,1603730918
152,Phan Thiet,10.93,108.1,76.5,89,100,2.84,VN,1603730919
153,Turukhansk,65.82,87.98,-0.54,89,0,7.38,RU,1603730920
154,Karagach,43.81,43.77,55.4,71,0,2.24,RU,1603730922
155,Mogadishu,2.04,45.34,80.73,82,30,8.93,SO,1603730923
156,Luz,-19.8,-45.69,85.1,44,1,5.91,BR,1603730926
157,Mīnāb,27.15,57.08,73.4,40,0,4.7,IR,1603730927
158,Airai,-8.93,125.41,61.83,100,96,2.17,TL,1603730928
159,Pochutla,15.74,-96.47,89.01,66,75,4.25,MX,1603730929
160,Avarua,-21.21,-159.78,73.4,73,100,14.99,CK,1603730932
161,High Level,58.52,-117.14,17.6,78,75,3.74,CA,1603730933
162,Taoudenni,22.68,-3.98,98.44,10,18,11.21,ML,1603730934
163,Anadyr,64.75,177.48,17.6,92,75,4.47,RU,1603730935
164,Lüderitz,-26.65,15.16,63.59,69,0,25.08,NA,1603730936
165,Ormara,25.21,64.64,76.91,57,0,7.47,PK,1603730938
166,Portoferraio,42.81,10.31,66.0,100,90,31.09,IT,1603730939
167,Ulverstone,-41.15,146.17,46.99,65,4,1.99,AU,1603730941
168,Marsh Harbour,26.54,-77.06,82.92,73,0,8.68,BS,1603730943
169,Patiya,22.29,91.98,74.95,94,0,1.25,BD,1603730944
170,Anloga,5.79,0.9,86.0,70,20,10.29,GH,1603730945
171,Nanhai,30.13,111.78,66.0,69,87,3.44,CN,1603730946
172,Daru,-9.08,143.21,77.61,86,91,7.78,PG,1603730947
173,Port Hardy,50.7,-127.42,42.8,100,90,4.7,CA,1603730948
174,Xiongyue,40.18,122.12,55.6,76,26,10.98,CN,1603730949
175,Jacareacanga,-6.22,-57.75,98.1,36,18,3.36,BR,1603730951
176,Fairbanks,64.84,-147.72,30.2,92,90,12.75,US,1603730928
177,Ponta do Sol,32.67,-17.1,69.01,72,75,9.17,PT,1603730953
178,Norman Wells,65.28,-126.83,23.0,79,75,19.46,CA,1603730954
179,Cherskiy,68.75,161.3,5.68,92,15,5.46,RU,1603730955
180,Bone,51.97,12.14,53.01,94,100,1.99,DE,1603730956
181,Soyo,-6.13,12.37,77.7,81,86,10.36,AO,1603730957
182,Fortuna,40.6,-124.16,48.2,36,1,8.05,US,1603730855
183,Dzilam González,21.28,-88.93,86.27,70,86,7.45,MX,1603730961
184,Talnakh,69.49,88.4,6.8,84,40,6.71,RU,1603730962
185,Marsá Maţrūḩ,31.35,27.25,75.2,64,40,9.17,EG,1603730963
186,Lebu,-37.62,-73.65,53.67,67,94,2.04,CL,1603730964
187,George Town,5.41,100.34,78.8,88,20,4.74,MY,1603730965
188,Ostrowiec Świętokrzyski,50.93,21.39,59.0,77,38,3.0,PL,1603730968
189,Bragança,-1.05,-46.77,91.49,50,11,7.92,BR,1603730969
190,Vaini,-21.2,-175.2,71.6,94,20,8.05,TO,1603730970
191,Saint-Augustin,51.23,-58.65,38.57,60,85,12.03,CA,1603730971
192,Guatire,10.48,-66.54,89.6,66,40,2.24,VE,1603730972
193,Lompoc,34.64,-120.46,55.4,82,1,5.82,US,1603730973
194,Oruro,-17.98,-67.15,69.8,37,20,4.7,BO,1603730974
195,Mabama,-5.13,32.53,84.2,45,75,5.82,TZ,1603730975
196,Salamiyah,35.01,37.05,74.93,19,0,13.02,SY,1603730977
197,Anderson,34.53,-82.65,64.99,77,90,3.36,US,1603730759
198,Kapit,2.02,112.93,73.72,94,100,2.89,MY,1603730979
199,New Norfolk,-42.78,147.06,50.0,64,74,1.1,AU,1603730980
200,Saint Paul Harbor,57.79,-152.41,48.2,49,20,18.34,US,1603730981
201,Arraial do Cabo,-22.97,-42.03,78.8,74,20,9.17,BR,1603730982
202,Adrar,20.5,-10.07,96.91,9,0,10.83,MR,1603730983
203,Kharitonovo,61.4,47.5,26.29,96,97,1.88,RU,1603730985
204,Kaoma,-14.78,24.8,80.53,21,31,3.65,ZM,1603730986
205,Marquette,46.53,-87.63,34.0,93,100,9.46,US,1603730803
206,Iqaluit,63.75,-68.51,14.0,78,75,2.24,CA,1603730988
207,Half Moon Bay,37.46,-122.43,61.0,14,1,12.33,US,1603730910
208,Nikolskoye,59.7,30.79,46.99,87,0,8.95,RU,1603730990
209,Goryachiy Klyuch,44.63,39.13,62.6,67,0,11.18,RU,1603730992
210,Beloha,-25.17,45.05,72.01,76,0,8.16,MG,1603730993
211,Cedral,23.8,-100.73,75.85,27,92,3.02,MX,1603730765
212,Puerto Madero,14.72,-92.42,80.6,94,40,4.7,MX,1603730996
213,Evensk,61.95,159.23,31.59,91,100,11.43,RU,1603730997
214,Muroto-misakicho,33.28,134.15,65.34,65,80,7.45,JP,1603730998
215,Carnarvon,-24.87,113.63,69.8,88,0,19.46,AU,1603730999
216,Kaupanger,61.18,7.24,41.0,75,20,16.11,NO,1603731000
217,Sibu,2.3,111.82,75.2,94,40,2.24,MY,1603731001
218,Meulaboh,4.14,96.13,77.86,85,99,3.89,ID,1603731002
219,Cocobeach,1.0,9.58,80.6,83,20,4.7,GA,1603731004
220,Barrow,71.29,-156.79,17.6,85,1,0.13,US,1603731005
221,Esperance,-33.87,121.9,60.8,77,0,9.17,AU,1603731006
222,Badvel,14.75,79.05,77.34,73,0,2.71,IN,1603731007
223,Arys,42.43,68.8,57.2,30,0,6.71,KZ,1603731008
224,Kanevskaya,46.08,38.96,59.79,59,99,13.42,RU,1603731010
225,Avera,33.19,-82.53,69.8,94,90,4.7,US,1603731011
226,St. Pete Beach,27.73,-82.74,88.0,1,0,1.01,US,1603731012
227,Bethel,41.37,-73.41,50.0,87,90,5.82,US,1603731014
228,Batagay,67.63,134.63,4.19,87,99,1.97,RU,1603731015
229,Asău,46.43,26.4,55.0,98,51,1.19,RO,1603731016
230,Los Llanos de Aridane,28.66,-17.92,73.4,60,20,12.75,ES,1603731017
231,Coração de Jesus,-16.69,-44.37,82.02,65,2,8.21,BR,1603731019
232,Chara,56.91,118.26,19.8,91,100,5.75,RU,1603731020
233,Henties Bay,-22.12,14.28,61.0,87,1,1.99,NA,1603731021
234,Leopold,-38.18,144.47,53.6,87,40,19.46,AU,1603731022
235,Ondjiva,-17.07,15.73,102.2,11,75,4.7,AO,1603731023
236,Chapais,49.78,-74.85,30.2,80,90,12.75,CA,1603730859
237,Saint-François,46.42,3.91,51.8,66,0,3.36,FR,1603731025
238,Warren,39.43,-84.17,52.0,100,90,8.05,US,1603730791
239,Caravelas,-17.71,-39.25,79.2,84,26,9.75,BR,1603731028
240,Bambanglipuro,-7.95,110.28,77.2,87,100,7.47,ID,1603731029
241,Alamogordo,32.9,-105.96,64.0,40,1,26.4,US,1603731030
242,Santa Cruz Cabrália,-16.28,-39.02,86.0,62,40,9.17,BR,1603731031
243,Kieta,-6.22,155.63,78.26,76,75,1.99,PG,1603731033
244,Yushala,57.08,64.26,32.0,98,90,22.37,RU,1603731034
245,‘Āhuimanu,21.44,-157.84,75.2,94,20,2.77,US,1603731035
246,Codrington,-38.27,141.97,46.71,73,99,12.19,AU,1603731037
247,Mudanjiang,44.58,129.6,41.74,67,100,2.42,CN,1603731038
248,Lima,-12.04,-77.03,70.0,72,40,9.17,PE,1603730973
249,Takayama,36.13,137.25,52.0,80,4,5.99,JP,1603731040
250,Ismailia,30.6,32.27,75.85,65,0,10.6,EG,1603731041
251,Surgut,61.25,73.42,26.6,92,90,13.42,RU,1603731042
252,Barbastro,42.04,0.13,55.4,62,20,18.34,ES,1603731043
253,Kiruna,67.86,20.23,23.0,92,39,4.7,SE,1603731044
254,Hamilton,39.18,-84.53,51.8,81,90,3.36,US,1603730929
255,Polson,47.69,-114.16,17.01,69,98,3.2,US,1603731048
256,Jalu,29.03,21.55,74.48,47,37,8.52,LY,1603731049
257,Ōdate,40.27,140.57,48.99,88,90,5.01,JP,1603731050
258,Boden,65.83,21.69,37.4,100,90,3.36,SE,1603731052
259,Lufkin,31.34,-94.73,70.0,73,90,10.29,US,1603730920
260,Beringovskiy,63.05,179.32,30.47,92,0,2.26,RU,1603731055
261,Vrangel',42.73,133.08,45.88,65,0,5.01,RU,1603731056
262,Thompson,55.74,-97.86,24.8,73,90,10.29,CA,1603731057
263,Muli,2.92,73.57,82.89,74,31,7.49,MV,1603731058
264,Nishihara,26.18,127.76,73.4,73,20,4.7,JP,1603731060
265,Victor Harbor,-35.57,138.62,55.0,89,94,6.15,AU,1603731061
266,Broome,42.25,-75.83,55.0,93,90,10.29,US,1603730792
267,Sherbakul',54.63,72.4,46.4,93,75,15.66,RU,1603731064
268,Reconquista,-29.15,-59.65,77.16,50,59,14.65,AR,1603731065
269,Alice Springs,-23.7,133.88,59.0,30,0,5.82,AU,1603731067
270,Guerrero Negro,27.98,-114.06,72.03,57,62,16.62,MX,1603731068
271,Vilhena,-12.74,-60.15,93.65,38,90,5.26,BR,1603730988
272,Saldanha,-33.01,17.94,71.6,49,100,12.75,ZA,1603731070
273,Port Augusta,-32.5,137.77,57.2,82,90,6.93,AU,1603731071
274,Neepawa,50.23,-99.47,19.4,62,20,13.87,CA,1603731074
275,Katsuura,35.13,140.3,62.6,67,40,12.75,JP,1603731075
276,Pumiao,22.75,108.48,73.4,83,0,4.47,CN,1603731076
277,Petrovac,44.38,21.42,53.01,87,0,4.76,RS,1603731077
278,Pisco,-13.7,-76.22,68.0,77,0,10.29,PE,1603731078
279,Bubaque,11.28,-15.83,83.95,76,1,12.53,GW,1603731079
280,San Quintín,30.48,-115.95,66.92,58,1,0.92,MX,1603731080
281,Lázaro Cárdenas,17.96,-102.2,86.56,67,65,2.66,MX,1603731081
282,Tacna,-18.01,-70.25,68.0,68,40,6.93,PE,1603731083
283,Diré,12.28,-10.97,91.83,30,0,1.36,ML,1603731084
284,Vallenar,-28.57,-70.76,87.48,13,0,10.74,CL,1603731085
285,Angarsk,52.54,103.89,15.8,92,0,6.71,RU,1603731086
286,Kaitangata,-46.28,169.85,48.99,80,77,3.0,NZ,1603731087
287,Port Keats,-14.25,129.55,77.29,86,89,9.33,AU,1603731088
288,Luau,-10.71,22.22,75.78,60,53,3.31,AO,1603731089
289,Ketchikan,55.34,-131.65,51.8,100,90,8.05,US,1603731091
290,Westport,41.14,-73.36,54.0,81,90,9.17,US,1603730943
291,Tiksi,71.69,128.87,5.13,92,100,10.69,RU,1603731093
292,Cervo,43.67,-7.41,57.99,79,100,4.0,ES,1603731094
293,Moorhead,46.87,-96.77,19.4,72,1,9.17,US,1603731095
294,Pacific Grove,36.62,-121.92,59.0,25,1,4.7,US,1603731096
295,Zlobin,45.29,14.65,64.0,82,40,14.99,HR,1603731097
296,Francistown,-21.17,27.51,86.0,16,0,11.41,BW,1603731098
297,Vilnius,54.69,25.28,52.0,100,90,11.41,LT,1603731100
298,Pucallpa,-8.38,-74.55,91.4,55,40,12.75,PE,1603731101
299,Port Moresby,-9.44,147.18,75.7,91,98,2.84,PG,1603731102
300,Akhnūr,32.87,74.73,68.0,56,5,2.24,IN,1603731103
301,Smithers,54.78,-127.17,23.0,92,75,1.07,CA,1603731104
302,Mahébourg,-20.41,57.7,75.2,73,40,11.41,MU,1603731105
303,Ialibu,-6.28,143.99,54.99,97,100,2.1,PG,1603731107
304,Pimentel,-6.84,-79.93,73.4,60,0,9.17,PE,1603731108
305,La Maddalena,41.21,9.41,66.2,77,80,16.11,IT,1603731110
306,Laas,46.62,10.7,53.01,100,90,8.05,IT,1603731111
307,Helong,42.54,129.0,44.58,60,100,4.76,CN,1603731112
308,Dali,25.7,100.18,57.67,83,1,3.4,CN,1603731113
309,Acaraú,-2.89,-40.12,87.08,57,34,17.9,BR,1603731008
310,Faanui,-16.48,-151.75,79.61,77,99,11.65,PF,1603731115
311,Souillac,-20.52,57.52,75.2,73,40,11.41,MU,1603731116
312,Zyryanka,65.75,150.85,6.03,91,0,6.64,RU,1603731118
313,Chui,-33.7,-53.46,60.67,95,100,14.47,UY,1603731066
314,Makokou,0.57,12.86,74.21,93,80,0.98,GA,1603731121
315,Molochnoye,59.29,39.68,32.41,95,15,6.04,RU,1603731122
316,Voyvozh,62.89,54.96,19.8,98,91,3.89,RU,1603731123
317,Hoi An,15.88,108.33,75.2,100,75,8.05,VN,1603731124
318,Itarema,-2.92,-39.92,86.45,59,33,16.51,BR,1603731125
319,Hambantota,6.12,81.12,79.88,82,29,9.4,LK,1603731128
320,Olafsvik,64.89,-23.71,41.77,74,72,16.24,IS,1603731129
321,Verkhnechusovskiye Gorodki,58.17,57.11,28.51,93,96,13.18,RU,1603731130
322,Borovoy,55.43,86.08,37.4,93,90,11.18,RU,1603731131
323,Ust-Kuyga,70.02,135.6,-1.86,86,48,4.27,RU,1603731132
324,Vågåmo,61.88,9.1,38.23,79,80,5.14,NO,1603731133
325,Rawlins,41.79,-107.24,1.4,64,1,4.7,US,1603731134
326,Waitati,-45.75,170.57,46.99,78,66,4.0,NZ,1603731007
327,Buchanan,5.88,-10.05,80.73,82,74,9.95,LR,1603731137
328,Søgne,58.08,7.82,48.2,87,75,1.12,NO,1603731138
329,Clearlake,38.96,-122.63,60.01,17,0,5.99,US,1603731139
330,Camden,39.78,-74.97,64.0,97,99,8.28,US,1603731114
331,Kuzovatovo,53.55,47.69,34.88,86,56,7.27,RU,1603731142
332,Neyshabur,36.21,58.8,58.87,29,49,3.29,IR,1603731143
333,Eyl,7.98,49.82,78.53,79,100,10.4,SO,1603731144
334,San Patricio,28.02,-97.52,86.0,74,1,16.11,US,1603731145
335,Chivasso,45.19,7.89,55.99,93,75,2.24,IT,1603731147
336,Narsaq,60.92,-46.05,46.4,28,75,19.46,GL,1603731148
337,Popondetta,-8.75,148.25,74.61,88,99,2.51,PG,1603731149
338,Motygino,58.18,94.76,27.75,98,99,4.88,RU,1603731150
339,Micheweni,-4.97,39.83,78.51,78,2,8.43,TZ,1603731151
340,Tessalit,20.2,1.01,91.44,11,0,8.39,ML,1603731153
341,Mount Gambier,-37.83,140.77,50.0,76,90,12.75,AU,1603731154
342,Altay,47.87,88.12,31.86,73,17,3.87,CN,1603731155
343,Broken Hill,-31.95,141.43,50.0,93,11,4.7,AU,1603731157
344,Estevan,49.13,-102.98,12.99,66,20,19.46,CA,1603731158
345,Tirumullaivāsal,11.23,79.83,81.28,78,0,9.48,IN,1603731159
346,Chokurdakh,70.63,147.92,9.23,96,99,11.97,RU,1603731160
347,Grahamstown,-33.3,26.53,59.4,94,92,19.66,ZA,1603731161
348,Xai-Xai,-25.05,33.64,73.11,86,0,9.33,MZ,1603731162
349,Andenes,69.31,16.12,41.0,80,0,13.87,NO,1603731163
350,Kattivākkam,13.22,80.32,82.4,83,75,4.7,IN,1603731164
351,Wasilla,61.58,-149.44,34.0,91,90,5.82,US,1603730929
352,La Ronge,55.1,-105.28,23.0,62,5,8.05,CA,1603731167
353,Aripuanã,-9.17,-60.63,100.47,30,23,4.76,BR,1603731168
354,Conakry,9.54,-13.68,82.56,80,61,13.09,GN,1603731170
355,Cabo San Lucas,22.89,-109.91,89.01,48,5,3.36,MX,1603731171
356,Constitución,-35.33,-72.42,59.92,52,76,19.69,CL,1603731172
357,Arlit,18.74,7.39,87.39,12,0,7.83,NE,1603731173
358,Machilipatnam,16.17,81.13,80.6,78,8,5.66,IN,1603731175
359,Evanston,42.04,-87.69,36.0,80,90,9.17,US,1603731090
360,Acajutla,13.59,-89.83,80.01,83,55,5.64,SV,1603730916
361,Farafangana,-22.82,47.83,72.3,77,7,8.57,MG,1603731178
362,Assiut,27.18,31.18,82.4,45,0,11.41,EG,1603731179
363,Roald,62.58,6.13,48.99,81,0,6.93,NO,1603731180
364,Tavda,58.04,65.27,33.8,96,100,15.61,RU,1603731181
365,Rocha,-34.48,-54.33,60.03,87,100,15.21,UY,1603731182
366,Golden,39.76,-105.22,15.01,78,75,3.36,US,1603731001
367,Jumla,29.27,82.18,42.53,61,0,4.23,NP,1603731185
368,Hobyo,5.35,48.53,79.79,79,1,9.08,SO,1603731186
369,Manavālakurichi,8.13,77.3,84.2,79,75,5.82,IN,1603731187
370,Sobolevo,54.43,31.9,45.95,92,100,10.58,RU,1603731188
371,Srednekolymsk,67.45,153.68,7.54,91,0,7.36,RU,1603731189
372,Vieux-Habitants,16.06,-61.77,86.0,70,75,12.75,GP,1603731190
373,Gravdal,68.12,13.5,48.2,70,40,12.75,NO,1603731191
374,Prado,-17.34,-39.22,80.31,86,16,5.91,BR,1603731192
375,Qaqortoq,60.72,-46.03,46.4,28,75,19.46,GL,1603731194
376,Kāzerūn,29.62,51.65,59.7,57,0,2.01,IR,1603731195
377,Nakusp,50.25,-117.8,27.0,92,100,0.31,CA,1603731196
378,Qarqīn,37.42,66.04,53.47,41,0,0.43,AF,1603731198
379,Kaspiysk,42.88,47.64,62.6,82,75,8.95,RU,1603731199
380,Sistranda,63.73,8.83,46.4,70,0,11.41,NO,1603731200
381,Goderich,43.75,-81.72,46.0,76,100,8.14,CA,1603731201
382,Chake Chake,-5.25,39.77,77.04,79,14,6.85,TZ,1603731203
383,Narodychi,51.2,29.08,50.43,75,23,10.78,UA,1603731204
384,Sambava,-14.27,50.17,74.14,80,5,8.52,MG,1603731206
385,Mangochi,-14.48,35.26,82.0,48,49,7.27,MW,1603731207
386,Keti Bandar,24.14,67.45,80.38,53,0,7.56,PK,1603731208
387,Fort Nelson,58.81,-122.7,26.6,92,90,3.22,CA,1603731014
388,Kokkola,63.84,23.13,46.0,100,100,8.05,FI,1603731210
389,Isangel,-19.55,169.27,72.48,79,4,9.08,VU,1603731212
390,Manggar,-2.88,108.27,79.11,81,100,3.47,ID,1603731213
391,Traverse City,44.76,-85.62,39.2,86,90,9.17,US,1603731215
392,Kuusamo,65.97,29.18,41.0,100,90,8.05,FI,1603731216
393,Hualmay,-11.1,-77.61,70.52,65,54,9.84,PE,1603731218
394,Nanortalik,60.14,-45.24,36.05,87,100,6.24,GL,1603731219
395,Namatanai,-3.67,152.43,79.81,73,81,3.98,PG,1603731221
396,Amarante do Maranhão,-5.57,-46.74,93.85,45,73,2.71,BR,1603731222
397,Acapulco de Juárez,16.86,-99.89,84.2,79,75,2.35,MX,1603731054
398,Mezhdurechensk,53.69,88.06,38.23,91,100,4.0,RU,1603731225
399,Pilot Butte,50.47,-104.42,14.0,66,90,8.05,CA,1603731226
400,Ampanihy,-24.7,44.75,77.94,44,0,7.65,MG,1603731227
401,Filingué,14.35,3.32,94.1,10,0,5.37,NE,1603731228
402,Ixtapa,20.7,-105.2,87.01,70,5,3.36,MX,1603731018
403,Vardø,70.37,31.11,37.4,86,75,24.16,NO,1603731231
404,Provincia di Teramo,42.65,13.68,60.01,32,57,4.0,IT,1603731232
405,Esim,4.87,-2.24,80.69,81,89,9.26,GH,1603731233
406,Yerbogachën,61.28,108.01,20.39,90,66,1.03,RU,1603730995
407,Port Hedland,-20.32,118.57,73.4,83,40,10.29,AU,1603731235
408,Umm Kaddadah,13.6,26.69,89.38,16,0,8.5,SD,1603731236
409,Bahía Blanca,-38.72,-62.27,77.25,18,0,11.3,AR,1603730976
410,Lavrentiya,65.58,-171.0,30.25,91,32,5.08,RU,1603731238
411,Okhotsk,59.38,143.3,28.33,82,0,18.48,RU,1603731239
412,Muyezerskiy,63.93,31.65,44.2,93,100,12.12,RU,1603731241
413,Bambous Virieux,-20.34,57.76,75.2,73,40,11.41,MU,1603731242
414,Portland,45.52,-122.68,41.0,74,75,2.57,US,1603731023
415,Sri Aman,1.24,111.46,73.4,94,100,1.5,MY,1603731109
416,Ulladulla,-35.35,150.47,53.6,100,75,10.29,AU,1603731245
417,Lagoa,39.05,-27.98,67.3,87,0,24.63,PT,1603731248
418,Maragua,-0.78,37.13,66.2,77,75,4.7,KE,1603731250
419,Ust-Tsilma,65.44,52.15,15.15,96,60,1.5,RU,1603731251
420,Batagay-Alyta,67.8,130.41,6.06,84,100,1.19,RU,1603731253
421,Câmara de Lobos,32.63,-16.97,69.01,72,75,9.17,PT,1603731254
422,Sargatskoye,55.61,73.5,45.64,85,100,16.22,RU,1603731256
423,Havre-St-Pierre,50.23,-63.6,35.6,59,20,6.93,CA,1603731257
424,Newburn,54.99,-1.74,50.0,81,20,20.8,GB,1603731258
425,Mbandaka,0.05,18.26,73.8,90,96,3.38,CD,1603731260
426,Paamiut,61.99,-49.67,32.5,91,100,31.23,GL,1603731261
427,Kot Diji,27.34,68.71,75.2,69,0,5.88,PK,1603731262
428,Chililabombwe,-12.36,27.82,77.31,27,81,3.62,ZM,1603731265
429,Kainantu,-6.29,145.87,60.15,94,98,1.34,PG,1603731266
430,Annau,37.89,58.52,68.0,25,100,4.7,TM,1603731267
431,Vredendal,-31.67,18.5,66.56,56,48,11.05,ZA,1603731268
432,San Miguel de Tucumán,-26.82,-65.22,80.6,32,0,5.82,AR,1603731269
433,Maebaru-chūō,33.55,130.2,55.4,87,12,2.24,JP,1603731270
434,Šalčininkai,54.3,25.38,52.0,100,90,11.41,LT,1603731271
435,Sisimiut,66.94,-53.67,22.44,87,98,4.45,GL,1603731273
436,Camalú,30.85,-116.07,68.0,22,0,3.0,MX,1603731274
437,Nioro,13.35,-15.75,96.84,30,0,4.41,GM,1603731275
438,Zheshart,62.07,49.57,19.15,97,8,1.21,RU,1603731276
439,Leningradskiy,69.38,178.42,25.83,98,100,5.48,RU,1603731277
440,Myitkyina,25.38,97.4,72.23,83,0,1.66,MM,1603731278
441,Oriximiná,-1.77,-55.87,93.99,44,40,1.99,BR,1603731279
442,Kokopo,-4.35,152.26,77.97,83,74,2.66,PG,1603731280
443,Alofi,-19.06,-169.92,74.66,84,99,22.82,NU,1603731282
444,Maceió,-9.67,-35.74,89.6,62,20,9.17,BR,1603730985
445,Shenjiamen,29.96,122.3,64.87,71,1,6.49,CN,1603731291
446,Margate,51.38,1.39,52.0,76,36,1.01,GB,1603731156
447,Naryan-Mar,67.67,53.09,17.19,94,98,6.58,RU,1603731294
448,Oeiras,-7.03,-42.13,95.94,37,69,3.58,BR,1603731295
449,North Bend,43.41,-124.22,48.99,45,1,5.82,US,1603731297
450,Kruisfontein,-34.0,24.73,63.0,91,98,5.99,ZA,1603731298
451,Atar,20.52,-13.05,99.81,9,22,13.96,MR,1603731299
452,Sørland,67.67,12.69,48.2,70,40,12.75,NO,1603731300
453,Coruripe,-10.13,-36.18,84.13,64,7,20.22,BR,1603731032
454,Kumluca,36.37,30.29,74.43,47,99,2.42,TR,1603731302
455,Naze,28.37,129.48,64.4,82,40,5.82,JP,1603731303
456,Ballina,-28.87,153.57,68.0,77,90,11.41,AU,1603731304
457,Paka,4.64,103.44,77.0,94,96,0.78,MY,1603731306
458,Bereket,39.24,55.52,62.44,29,100,2.13,TM,1603731307
459,Erenhot,43.65,111.98,32.77,73,0,8.81,CN,1603731308
460,Zaysan,47.47,84.87,37.87,70,0,3.18,KZ,1603731309
461,Abonnema,4.71,6.79,80.6,88,75,11.41,NG,1603731310
462,São João da Barra,-21.64,-41.05,78.8,69,75,6.93,BR,1603731311
463,Fangshan,39.7,115.99,57.0,21,4,3.0,CN,1603731312
464,Wewak,-3.55,143.63,76.51,84,43,3.76,PG,1603731313
465,Sioux Lookout,50.1,-91.92,24.8,79,75,9.17,CA,1603731315
466,San Onofre,9.74,-75.53,85.3,68,79,4.61,CO,1603731316
467,Yangi Marg`ilon,40.43,71.72,51.8,50,99,4.7,UZ,1603731317
468,Khandyga,62.67,135.6,14.09,86,99,2.95,RU,1603731318
469,Ubari,26.59,12.78,77.74,21,65,10.0,LY,1603731321
470,Makkah al Mukarramah,21.43,39.83,81.21,59,35,3.53,SA,1603731322
471,Bumba,2.18,22.47,75.58,88,77,2.15,CD,1603731323
472,Bengkulu,-3.8,102.27,75.69,84,100,4.18,ID,1603731324
473,Lamont,35.26,-118.91,57.99,32,50,4.0,US,1603731325
474,Abilene,32.45,-99.73,35.6,93,90,20.8,US,1603731242
475,Lidköping,58.51,13.16,50.0,100,100,9.17,SE,1603731327
476,Mersin Province,36.86,34.65,78.8,41,0,2.24,TR,1603731328
477,Shingū,33.73,135.98,54.14,73,19,6.26,JP,1603731330
478,Inuvik,68.35,-133.72,6.8,92,75,8.05,CA,1603731331
479,Alghero,40.56,8.32,57.2,93,40,4.7,IT,1603731332
480,Yashan,22.2,109.94,72.19,73,55,3.51,CN,1603731333
481,Puro,12.48,123.38,75.6,93,100,1.74,PH,1603731334
482,Mahibadhoo,3.78,72.97,82.81,74,10,7.85,MV,1603731335
483,Arkhangel’skoye,55.85,35.33,42.62,87,88,6.62,RU,1603731336
484,Nauta,-4.51,-73.58,96.03,43,52,4.72,PE,1603731337
485,Matara,5.95,80.54,78.39,86,1,6.6,LK,1603731338
486,Sechura,-5.56,-80.82,77.47,53,44,10.38,PE,1603731340
487,Sinazongwe,-17.26,27.46,85.19,36,0,5.28,ZM,1603731341
488,Praia da Vitória,38.73,-27.07,75.2,60,20,12.48,PT,1603731343
489,Bariloche,-41.15,-71.31,46.4,52,75,25.28,AR,1603731344
490,Astoria,46.19,-123.83,39.99,86,90,3.36,US,1603731178
491,Alyangula,-13.85,136.42,77.0,88,40,1.12,AU,1603731346
492,Marabu,4.41,114.01,75.2,100,40,4.7,MY,1603731347
493,Nyurba,63.28,118.33,13.35,86,100,5.12,RU,1603731348
494,Chatrapur,19.35,84.98,77.31,68,0,2.98,IN,1603731350
495,Aksay,47.26,39.87,53.6,62,0,15.66,RU,1603731351
496,Tebingtinggi,3.33,99.16,78.8,100,40,3.36,ID,1603731352
497,Oranjestad,12.52,-70.03,87.8,66,75,20.8,AW,1603731326
498,Río Gallegos,-51.62,-69.22,62.6,29,40,26.4,AR,1603731082
499,Muros,42.78,-9.06,57.0,82,76,3.0,ES,1603731355
500,Berlevåg,70.86,29.09,35.6,80,20,16.11,NO,1603731356
501,Parry Sound,45.35,-80.03,37.99,82,99,2.75,CA,1603731208
502,Chkalovskoye,44.84,133.04,38.59,76,6,3.71,RU,1603731359
503,Kathmandu,27.72,85.32,62.6,93,75,4.7,NP,1603731349
504,Kushiro,42.98,144.37,44.91,83,32,4.07,JP,1603731361
505,Malbork,54.04,19.03,54.0,100,74,9.13,PL,1603731362
506,Mora,11.05,14.14,84.6,22,30,5.03,CM,1603731363
507,Uvat,59.14,68.9,35.51,95,100,14.56,RU,1603731364
508,Newport,51.59,-3.0,53.01,80,11,1.01,GB,1603731365
509,Puerto Baquerizo Moreno,-0.9,-89.6,71.6,83,75,9.17,EC,1603731366
510,Dhārchula,29.85,80.53,53.65,40,1,5.44,IN,1603731368
511,Mount Isa,-20.73,139.5,71.6,35,20,9.17,AU,1603731369
512,Madang,-5.22,145.8,75.11,88,35,6.26,PG,1603731370
513,Yertsevo,60.8,40.09,30.47,96,45,5.3,RU,1603731371
514,Zhoucun,36.82,117.82,57.99,57,43,2.8,CN,1603731372
515,Nador,35.17,-2.93,66.2,52,20,18.34,MA,1603731373
516,Sangar,63.92,127.47,18.59,97,100,0.98,RU,1603731374
517,Brownwood,31.71,-98.99,39.2,86,75,12.75,US,1603731375
518,Hokitika,-42.72,170.97,54.28,93,100,6.98,NZ,1603731377
519,Dhidhdhoo,6.88,73.1,82.76,74,12,6.98,MV,1603731378
520,Molepolole,-24.41,25.5,86.0,23,0,9.17,BW,1603731379
521,Novouzensk,50.46,48.14,47.35,72,39,9.22,RU,1603731380
522,Novy Urengoy,66.08,76.63,3.15,94,5,8.88,RU,1603731381
523,Shitanjing,39.23,106.34,38.5,58,60,2.66,CN,1603731382
524,Najrān,17.49,44.13,75.2,15,0,5.82,SA,1603731383
525,Warsaw,52.23,21.01,60.01,82,0,9.17,PL,1603731039
526,Piaçabuçu,-10.41,-36.43,84.09,65,4,19.35,BR,1603731387
527,Shimoda,34.67,138.95,55.0,84,2,4.16,JP,1603731388
528,Risør,58.72,9.23,52.0,94,100,11.01,NO,1603731389
529,Lucapa,-8.42,20.74,71.01,92,97,3.22,AO,1603731391
530,Port-Gentil,-0.72,8.78,80.6,83,75,10.29,GA,1603731392
531,Salinópolis,-0.61,-47.36,85.89,64,6,12.12,BR,1603731393
532,Saint-Pierre,-21.34,55.48,71.6,88,53,3.36,RE,1603731394
533,São Félix do Xingu,-6.64,-51.99,95.79,39,37,3.4,BR,1603731396
534,Mandiana,10.63,-8.68,89.1,35,88,3.22,GN,1603731397
535,Liverpool,53.41,-2.98,52.0,76,40,21.92,GB,1603731120
536,Oxelösund,58.67,17.1,51.8,100,75,4.7,SE,1603731399
537,Kingseat,56.1,-3.41,51.01,81,20,10.29,GB,1603731400
538,Bud,39.45,-86.18,46.99,87,90,3.36,US,1603731401
539,Otavi,-19.65,17.33,85.75,17,90,4.43,NA,1603731402
540,Antofagasta,-23.65,-70.4,66.99,59,20,13.87,CL,1603731403
541,Banda Aceh,5.56,95.32,80.24,77,100,10.85,ID,1603731405
542,Ahipara,-35.17,173.17,58.19,94,13,3.58,NZ,1603731406
543,Hanna,51.63,-111.9,32.0,56,100,8.99,CA,1603731407
544,Beira,-19.84,34.84,78.8,78,20,13.87,MZ,1603731408
545,Auki,-8.77,160.7,77.65,83,99,2.44,SB,1603731409
546,Buala,-8.14,159.59,79.18,79,76,2.91,SB,1603731410
547,Richards Bay,-28.78,32.04,70.61,82,98,12.41,ZA,1603731411
548,La Rioja,-29.41,-66.85,81.99,17,0,10.67,AR,1603731412
549,Albuquerque,35.08,-106.65,33.01,63,90,20.8,US,1603731136
550,Syracuse,37.09,15.28,69.8,77,0,4.7,IT,1603731415
551,Hauterive,46.09,3.45,51.8,66,3,11.41,FR,1603731416
552,Nizhniy Kuranakh,58.84,125.49,25.61,97,100,8.14,RU,1603731417
553,Iznoski,54.99,35.31,42.94,88,99,4.5,RU,1603731418
554,Misratah,32.38,15.09,72.75,72,2,14.63,LY,1603731419
555,Nogliki,51.83,143.17,40.68,85,96,17.69,RU,1603731420
556,Pimenta Bueno,-11.67,-61.19,99.28,33,82,6.89,BR,1603731421
557,Lodwar,3.12,35.6,90.27,34,99,16.28,KE,1603731423
558,Dunedin,-45.87,170.5,48.99,77,66,5.19,NZ,1603731424
559,Izhmorskiy,56.19,86.64,36.14,97,100,8.12,RU,1603731425
560,Talitsa,56.88,60.02,28.4,92,90,15.66,RU,1603731427
561,Luanda,-8.84,13.23,80.6,78,40,8.05,AO,1603731428
562,Portobelo,9.55,-79.65,87.01,78,40,10.29,PA,1603731429
563,Kvarkeno,52.08,59.73,31.96,88,28,18.77,RU,1603731430
564,Sabha,27.04,14.43,73.89,26,0,5.19,LY,1603731432
565,Stephenville Crossing,48.5,-58.43,42.01,52,75,14.99,CA,1603731307
566,Gashua,12.87,11.05,89.58,15,3,8.63,NG,1603731434
567,Geraldton,-28.77,114.6,57.2,87,0,4.7,AU,1603731435
568,Carutapera,-1.2,-46.02,88.65,58,5,9.53,BR,1603731436
569,Hārij,23.7,71.9,80.47,28,0,6.53,IN,1603731437
570,Tual,-5.67,132.75,82.47,72,99,7.05,ID,1603731438
571,Rockland,41.17,-74.05,51.01,96,98,4.76,US,1603731439
572,Chaoyang,41.57,120.46,47.53,45,0,8.16,CN,1603731440
573,Cockburn Town,21.46,-71.14,83.46,79,69,19.71,TC,1603731175
574,Zhigansk,66.77,123.37,-2.11,91,100,12.19,RU,1603731443
575,Slobodskoy,58.73,50.18,28.71,93,98,6.02,RU,1603731444
576,Tura,25.52,90.22,70.07,91,0,2.35,IN,1603731445
